TANGGAL,KATEGORI,QTY
2024-01-03,AIR MINERAL,148
2024-01-04,AIR MINERAL,257
2024-01-05,AIR MINERAL,209
2024-01-06,AIR MINERAL,529
2024-01-09,AIR MINERAL,474
2024-01-10,AIR MINERAL,509
2024-01-11,AIR MINERAL,622
2024-01-12,AIR MINERAL,412
2024-01-13,AIR MINERAL,230
2024-01-16,AIR MINERAL,98
2024-01-17,AIR MINERAL,334
2024-01-18,AIR MINERAL,424
2024-01-19,AIR MINERAL,487
2024-01-20,AIR MINERAL,499
2024-01-23,AIR MINERAL,588
2024-01-24,AIR MINERAL,491
2024-01-25,AIR MINERAL,467
2024-01-26,AIR MINERAL,432
2024-01-27,AIR MINERAL,260
2024-01-30,AIR MINERAL,668
2024-01-31,AIR MINERAL,516
2024-02-01,AIR MINERAL,547
2024-02-02,AIR MINERAL,585
2024-02-03,AIR MINERAL,490
2024-02-06,AIR MINERAL,627
2024-02-07,AIR MINERAL,434
2024-02-08,AIR MINERAL,568
2024-02-09,AIR MINERAL,390
2024-02-10,AIR MINERAL,395
2024-02-13,AIR MINERAL,617
2024-02-14,AIR MINERAL,702
2024-02-15,AIR MINERAL,510
2024-02-16,AIR MINERAL,507
2024-02-17,AIR MINERAL,405
2024-02-20,AIR MINERAL,630
2024-02-21,AIR MINERAL,550
2024-02-22,AIR MINERAL,679
2024-02-23,AIR MINERAL,656
2024-02-24,AIR MINERAL,367
2024-02-27,AIR MINERAL,713
2024-02-28,AIR MINERAL,679
2024-03-01,AIR MINERAL,822
2024-03-02,AIR MINERAL,1200
2024-03-03,AIR MINERAL,1026
2024-03-06,AIR MINERAL,774
2024-03-07,AIR MINERAL,690
2024-03-08,AIR MINERAL,776
2024-03-09,AIR MINERAL,805
2024-03-10,AIR MINERAL,574
2024-03-13,AIR MINERAL,322
2024-03-14,AIR MINERAL,401
2024-04-04,AIR MINERAL,39
2024-04-05,AIR MINERAL,108
2024-04-06,AIR MINERAL,159
2024-04-10,AIR MINERAL,219
2024-04-11,AIR MINERAL,114
2024-04-12,AIR MINERAL,125
2024-04-13,AIR MINERAL,195
2024-04-14,AIR MINERAL,170
2024-04-17,AIR MINERAL,147
2024-04-18,AIR MINERAL,253
2024-04-27,AIR MINERAL,860
2024-04-28,AIR MINERAL,927
2024-05-02,AIR MINERAL,651
2024-05-03,AIR MINERAL,694
2024-05-04,AIR MINERAL,727
2024-05-05,AIR MINERAL,570
2024-05-08,AIR MINERAL,601
2024-05-09,AIR MINERAL,559
2024-05-10,AIR MINERAL,332
2024-05-11,AIR MINERAL,435
2024-05-12,AIR MINERAL,477
2024-05-15,AIR MINERAL,697
2024-05-16,AIR MINERAL,506
2024-05-17,AIR MINERAL,538
2024-05-19,AIR MINERAL,474
2024-05-22,AIR MINERAL,367
2024-05-23,AIR MINERAL,298
2024-05-24,AIR MINERAL,237
2024-05-25,AIR MINERAL,373
2024-05-26,AIR MINERAL,776
2024-05-29,AIR MINERAL,649
2024-05-30,AIR MINERAL,329
2024-05-31,AIR MINERAL,414
2024-06-02,AIR MINERAL,457
2024-06-05,AIR MINERAL,314
2024-06-06,AIR MINERAL,172
2024-06-07,AIR MINERAL,182
2024-06-08,AIR MINERAL,153
2024-06-09,AIR MINERAL,164
2024-06-12,AIR MINERAL,583
2024-06-13,AIR MINERAL,464
2024-06-14,AIR MINERAL,431
2024-06-15,AIR MINERAL,585
2024-06-16,AIR MINERAL,450
2024-06-19,AIR MINERAL,513
2024-06-20,AIR MINERAL,599
2024-06-21,AIR MINERAL,604
2024-06-22,AIR MINERAL,475
2024-06-23,AIR MINERAL,593
2024-06-26,AIR MINERAL,650
2024-06-27,AIR MINERAL,443
2024-06-28,AIR MINERAL,388
2024-06-30,AIR MINERAL,456
2024-07-03,AIR MINERAL,410
2024-07-04,AIR MINERAL,354
2024-07-05,AIR MINERAL,308
2024-07-06,AIR MINERAL,291
2024-07-07,AIR MINERAL,194
2024-07-11,AIR MINERAL,695
2024-07-12,AIR MINERAL,395
2024-07-13,AIR MINERAL,317
2024-07-14,AIR MINERAL,384
2024-07-17,AIR MINERAL,303
2024-07-18,AIR MINERAL,457
2024-07-20,AIR MINERAL,506
2024-07-21,AIR MINERAL,703
2024-07-24,AIR MINERAL,546
2024-07-25,AIR MINERAL,590
2024-07-26,AIR MINERAL,618
2024-07-27,AIR MINERAL,524
2024-07-28,AIR MINERAL,399
2024-07-31,AIR MINERAL,499
2024-08-01,AIR MINERAL,434
2024-08-02,AIR MINERAL,171
2024-08-03,AIR MINERAL,397
2024-08-04,AIR MINERAL,571
2024-08-07,AIR MINERAL,498
2024-08-08,AIR MINERAL,430
2024-08-09,AIR MINERAL,423
2024-08-10,AIR MINERAL,590
2024-08-11,AIR MINERAL,435
2024-08-14,AIR MINERAL,582
2024-08-15,AIR MINERAL,663
2024-08-16,AIR MINERAL,278
2024-08-18,AIR MINERAL,345
2024-08-21,AIR MINERAL,333
2024-08-22,AIR MINERAL,299
2024-08-23,AIR MINERAL,404
2024-08-24,AIR MINERAL,484
2024-08-25,AIR MINERAL,507
2024-08-28,AIR MINERAL,753
2024-08-29,AIR MINERAL,625
2024-08-30,AIR MINERAL,451
2024-08-31,AIR MINERAL,489
2024-09-01,AIR MINERAL,477
2024-09-04,AIR MINERAL,551
2024-09-05,AIR MINERAL,629
2024-09-06,AIR MINERAL,362
2024-09-07,AIR MINERAL,596
2024-09-08,AIR MINERAL,640
2024-09-11,AIR MINERAL,674
2024-09-12,AIR MINERAL,600
2024-09-13,AIR MINERAL,403
2024-09-14,AIR MINERAL,571
2024-09-15,AIR MINERAL,630
2024-09-18,AIR MINERAL,700
2024-09-19,AIR MINERAL,434
2024-09-20,AIR MINERAL,602
2024-09-21,AIR MINERAL,611
2024-09-22,AIR MINERAL,510
2024-09-25,AIR MINERAL,666
2024-09-26,AIR MINERAL,621
2024-09-27,AIR MINERAL,610
2024-09-29,AIR MINERAL,470
2024-10-02,AIR MINERAL,549
2024-10-03,AIR MINERAL,775
2024-10-04,AIR MINERAL,275
2024-10-05,AIR MINERAL,608
2024-10-06,AIR MINERAL,570
2024-10-09,AIR MINERAL,600
2024-10-10,AIR MINERAL,400
2024-10-11,AIR MINERAL,450
2024-10-12,AIR MINERAL,595
2024-10-13,AIR MINERAL,580
2024-10-16,AIR MINERAL,659
2024-10-17,AIR MINERAL,677
2024-10-18,AIR MINERAL,709
2024-10-19,AIR MINERAL,647
2024-10-20,AIR MINERAL,845
2024-10-23,AIR MINERAL,577
2024-10-24,AIR MINERAL,397
2024-10-25,AIR MINERAL,517
2024-10-26,AIR MINERAL,417
2024-10-27,AIR MINERAL,654
2024-10-30,AIR MINERAL,577
2024-10-31,AIR MINERAL,699
2024-11-01,AIR MINERAL,747
2024-11-02,AIR MINERAL,627
2024-11-03,AIR MINERAL,580
2024-11-06,AIR MINERAL,693
2024-11-07,AIR MINERAL,475
2024-11-08,AIR MINERAL,471
2024-11-09,AIR MINERAL,349
2024-11-10,AIR MINERAL,379
2024-11-13,AIR MINERAL,516
2024-11-14,AIR MINERAL,507
2024-11-15,AIR MINERAL,550
2024-11-16,AIR MINERAL,529
2024-11-17,AIR MINERAL,629
2024-11-20,AIR MINERAL,679
2024-11-21,AIR MINERAL,485
2024-11-22,AIR MINERAL,470
2024-11-23,AIR MINERAL,515
2024-11-24,AIR MINERAL,522
2024-11-27,AIR MINERAL,752
2024-11-28,AIR MINERAL,388
2024-11-29,AIR MINERAL,393
2024-11-30,AIR MINERAL,457
2024-12-01,AIR MINERAL,495
2024-12-04,AIR MINERAL,503
2024-12-05,AIR MINERAL,288
2024-12-06,AIR MINERAL,449
2024-12-07,AIR MINERAL,536
2024-12-08,AIR MINERAL,597
2024-12-11,AIR MINERAL,686
2024-12-12,AIR MINERAL,621
2024-12-13,AIR MINERAL,708
2024-12-14,AIR MINERAL,562
2024-12-15,AIR MINERAL,690
2024-12-18,AIR MINERAL,923
2024-12-19,AIR MINERAL,568
2024-12-20,AIR MINERAL,541
2024-12-21,AIR MINERAL,519
2024-12-22,AIR MINERAL,573
2025-01-03,AIR MINERAL,17
2025-01-04,AIR MINERAL,50
2025-01-05,AIR MINERAL,179
2025-01-06,AIR MINERAL,403
2025-01-09,AIR MINERAL,368
2025-01-10,AIR MINERAL,349
2025-01-11,AIR MINERAL,255
2025-01-12,AIR MINERAL,368
2025-01-13,AIR MINERAL,79
2025-01-16,AIR MINERAL,76
2025-01-17,AIR MINERAL,103
2025-01-18,AIR MINERAL,357
2025-01-19,AIR MINERAL,401
2025-01-20,AIR MINERAL,276
2025-01-23,AIR MINERAL,374
2025-01-24,AIR MINERAL,377
2025-01-25,AIR MINERAL,314
2025-01-26,AIR MINERAL,241
2025-01-27,AIR MINERAL,137
2025-01-30,AIR MINERAL,332
2025-01-31,AIR MINERAL,334
2025-02-01,AIR MINERAL,436
2025-02-02,AIR MINERAL,210
2025-02-03,AIR MINERAL,387
2025-02-06,AIR MINERAL,142
2025-02-07,AIR MINERAL,149
2025-02-08,AIR MINERAL,227
2025-02-09,AIR MINERAL,361
2025-02-10,AIR MINERAL,138
2025-02-13,AIR MINERAL,500
2025-02-14,AIR MINERAL,625
2025-02-15,AIR MINERAL,241
2025-02-16,AIR MINERAL,258
2025-02-17,AIR MINERAL,111
2025-02-20,AIR MINERAL,385
2025-02-21,AIR MINERAL,330
2025-02-22,AIR MINERAL,492
2025-02-23,AIR MINERAL,540
2025-02-24,AIR MINERAL,248
2025-02-27,AIR MINERAL,454
2025-02-28,AIR MINERAL,511
2025-03-01,AIR MINERAL,664
2025-03-02,AIR MINERAL,831
2025-03-03,AIR MINERAL,828
2025-03-06,AIR MINERAL,622
2025-03-07,AIR MINERAL,395
2025-03-08,AIR MINERAL,411
2025-03-09,AIR MINERAL,479
2025-03-10,AIR MINERAL,331
2025-03-13,AIR MINERAL,222
2025-03-14,AIR MINERAL,258
2025-04-04,AIR MINERAL,2
2025-04-05,AIR MINERAL,49
2025-04-06,AIR MINERAL,137
2025-04-10,AIR MINERAL,147
2025-04-11,AIR MINERAL,40
2025-04-12,AIR MINERAL,59
2025-04-13,AIR MINERAL,172
2025-04-14,AIR MINERAL,133
2025-04-17,AIR MINERAL,2
2025-04-18,AIR MINERAL,237
2025-04-27,AIR MINERAL,716
2025-04-28,AIR MINERAL,726
2025-05-02,AIR MINERAL,236
2025-05-03,AIR MINERAL,395
2025-05-04,AIR MINERAL,437
2025-05-05,AIR MINERAL,503
2025-05-08,AIR MINERAL,381
2025-05-09,AIR MINERAL,151
2025-05-10,AIR MINERAL,269
2025-05-11,AIR MINERAL,270
2025-05-12,AIR MINERAL,280
2025-05-15,AIR MINERAL,308
2025-05-16,AIR MINERAL,251
2025-05-17,AIR MINERAL,425
2025-05-19,AIR MINERAL,253
2025-05-22,AIR MINERAL,291
2025-05-23,AIR MINERAL,253
2025-05-24,AIR MINERAL,215
2025-05-25,AIR MINERAL,316
2025-05-26,AIR MINERAL,644
2025-05-29,AIR MINERAL,433
2025-05-30,AIR MINERAL,271
2025-05-31,AIR MINERAL,335
2025-06-02,AIR MINERAL,221
2025-06-05,AIR MINERAL,207
2025-06-06,AIR MINERAL,154
2025-06-07,AIR MINERAL,159
2025-06-08,AIR MINERAL,117
2025-06-09,AIR MINERAL,89
2025-06-12,AIR MINERAL,397
2025-06-13,AIR MINERAL,242
2025-06-14,AIR MINERAL,242
2025-06-15,AIR MINERAL,410
2025-06-16,AIR MINERAL,410
2025-06-19,AIR MINERAL,380
2025-06-20,AIR MINERAL,260
2025-06-21,AIR MINERAL,330
2025-06-22,AIR MINERAL,395
2025-06-23,AIR MINERAL,401
2025-06-26,AIR MINERAL,520
2025-06-27,AIR MINERAL,360
2025-06-28,AIR MINERAL,316
2025-06-30,AIR MINERAL,109
2025-07-03,AIR MINERAL,325
2025-07-04,AIR MINERAL,228
2025-07-05,AIR MINERAL,202
2025-07-06,AIR MINERAL,237
2025-07-07,AIR MINERAL,145
2025-07-11,AIR MINERAL,425
2025-07-12,AIR MINERAL,286
2025-07-13,AIR MINERAL,162
2025-07-14,AIR MINERAL,281
2025-07-17,AIR MINERAL,154
2025-07-18,AIR MINERAL,418
2025-07-20,AIR MINERAL,306
2025-07-21,AIR MINERAL,330
2025-07-24,AIR MINERAL,191
2025-07-25,AIR MINERAL,256
2025-07-26,AIR MINERAL,238
2025-07-27,AIR MINERAL,333
2025-07-28,AIR MINERAL,127
2025-07-31,AIR MINERAL,370
2025-08-01,AIR MINERAL,333
2025-08-02,AIR MINERAL,85
2025-08-03,AIR MINERAL,323
2025-08-04,AIR MINERAL,514
2025-08-07,AIR MINERAL,252
2025-08-08,AIR MINERAL,223
2025-08-09,AIR MINERAL,370
2025-08-10,AIR MINERAL,284
2025-08-11,AIR MINERAL,238
2025-08-14,AIR MINERAL,112
2025-08-15,AIR MINERAL,154
2025-08-16,AIR MINERAL,178
2025-08-18,AIR MINERAL,127
2025-08-21,AIR MINERAL,94
2025-08-22,AIR MINERAL,80
2025-08-23,AIR MINERAL,278
2025-08-24,AIR MINERAL,298
2025-08-25,AIR MINERAL,399
2025-08-28,AIR MINERAL,435
2025-08-29,AIR MINERAL,445
2025-08-30,AIR MINERAL,291
2025-08-31,AIR MINERAL,340
2025-09-01,AIR MINERAL,204
2025-09-04,AIR MINERAL,333
2025-09-05,AIR MINERAL,358
2025-09-06,AIR MINERAL,234
2025-09-07,AIR MINERAL,517
2025-09-08,AIR MINERAL,467
2025-09-11,AIR MINERAL,350
2025-09-12,AIR MINERAL,396
2025-09-13,AIR MINERAL,253
2025-09-14,AIR MINERAL,332
2025-09-15,AIR MINERAL,430
2025-09-18,AIR MINERAL,566
2025-09-19,AIR MINERAL,300
2025-09-20,AIR MINERAL,268
2025-09-21,AIR MINERAL,363
2025-09-22,AIR MINERAL,312
2025-09-25,AIR MINERAL,495
2025-09-26,AIR MINERAL,332
2025-09-27,AIR MINERAL,494
2025-09-29,AIR MINERAL,283
2025-10-02,AIR MINERAL,419
2025-10-03,AIR MINERAL,384
2025-10-04,AIR MINERAL,241
2025-10-05,AIR MINERAL,188
2025-10-06,AIR MINERAL,403
2025-10-09,AIR MINERAL,399
2025-10-10,AIR MINERAL,129
2025-10-11,AIR MINERAL,238
2025-10-12,AIR MINERAL,473
2025-10-13,AIR MINERAL,276
2025-10-16,AIR MINERAL,504
2025-10-17,AIR MINERAL,501
2025-10-18,AIR MINERAL,425
2025-10-19,AIR MINERAL,564
2025-10-20,AIR MINERAL,542
2025-10-23,AIR MINERAL,350
2025-10-24,AIR MINERAL,282
2025-10-25,AIR MINERAL,416
2025-10-26,AIR MINERAL,313
2025-10-27,AIR MINERAL,322
2025-10-30,AIR MINERAL,483
2025-10-31,AIR MINERAL,438
2025-11-01,AIR MINERAL,472
2025-11-02,AIR MINERAL,303
2025-11-03,AIR MINERAL,395
2025-11-06,AIR MINERAL,464
2025-11-07,AIR MINERAL,213
2025-11-08,AIR MINERAL,208
2025-11-09,AIR MINERAL,239
2025-11-10,AIR MINERAL,254
2025-11-13,AIR MINERAL,263
2025-11-14,AIR MINERAL,294
2025-11-15,AIR MINERAL,466
2025-11-16,AIR MINERAL,454
2025-11-17,AIR MINERAL,196
2025-11-20,AIR MINERAL,385
2025-11-21,AIR MINERAL,347
2025-11-22,AIR MINERAL,278
2025-11-23,AIR MINERAL,169
2025-11-24,AIR MINERAL,412
2025-11-27,AIR MINERAL,388
2025-11-28,AIR MINERAL,246
2025-11-29,AIR MINERAL,220
2025-11-30,AIR MINERAL,274
2025-12-01,AIR MINERAL,293
2025-12-04,AIR MINERAL,432
2025-12-05,AIR MINERAL,95
2025-12-06,AIR MINERAL,161
2025-12-07,AIR MINERAL,461
2025-12-08,AIR MINERAL,407
2025-12-11,AIR MINERAL,425
2025-12-12,AIR MINERAL,306
2025-12-13,AIR MINERAL,348
2025-12-14,AIR MINERAL,311
2025-12-15,AIR MINERAL,379
2025-12-18,AIR MINERAL,533
2025-12-19,AIR MINERAL,275
2025-12-20,AIR MINERAL,154
2025-12-21,AIR MINERAL,320
2025-12-22,AIR MINERAL,469
2024-01-03,MINUMAN TEH,112
2024-01-04,MINUMAN TEH,153
2024-01-05,MINUMAN TEH,146
2024-01-06,MINUMAN TEH,181
2024-01-09,MINUMAN TEH,184
2024-01-10,MINUMAN TEH,218
2024-01-11,MINUMAN TEH,212
2024-01-12,MINUMAN TEH,267
2024-01-13,MINUMAN TEH,291
2024-01-16,MINUMAN TEH,336
2024-01-17,MINUMAN TEH,431
2024-01-18,MINUMAN TEH,248
2024-01-19,MINUMAN TEH,169
2024-01-20,MINUMAN TEH,285
2024-01-23,MINUMAN TEH,236
2024-01-24,MINUMAN TEH,314
2024-01-25,MINUMAN TEH,157
2024-01-26,MINUMAN TEH,177
2024-01-27,MINUMAN TEH,324
2024-01-30,MINUMAN TEH,237
2024-01-31,MINUMAN TEH,235
2024-02-01,MINUMAN TEH,268
2024-02-02,MINUMAN TEH,191
2024-02-03,MINUMAN TEH,292
2024-02-06,MINUMAN TEH,301
2024-02-07,MINUMAN TEH,355
2024-02-08,MINUMAN TEH,208
2024-02-09,MINUMAN TEH,292
2024-02-10,MINUMAN TEH,302
2024-02-13,MINUMAN TEH,185
2024-02-14,MINUMAN TEH,242
2024-02-15,MINUMAN TEH,159
2024-02-16,MINUMAN TEH,257
2024-02-17,MINUMAN TEH,354
2024-02-20,MINUMAN TEH,232
2024-02-21,MINUMAN TEH,196
2024-02-22,MINUMAN TEH,231
2024-02-23,MINUMAN TEH,222
2024-02-24,MINUMAN TEH,259
2024-02-27,MINUMAN TEH,241
2024-02-28,MINUMAN TEH,265
2024-03-01,MINUMAN TEH,441
2024-03-02,MINUMAN TEH,646
2024-03-03,MINUMAN TEH,554
2024-03-06,MINUMAN TEH,358
2024-03-07,MINUMAN TEH,400
2024-03-08,MINUMAN TEH,381
2024-03-09,MINUMAN TEH,476
2024-03-10,MINUMAN TEH,418
2024-03-13,MINUMAN TEH,391
2024-03-14,MINUMAN TEH,245
2024-04-04,MINUMAN TEH,12
2024-04-05,MINUMAN TEH,104
2024-04-06,MINUMAN TEH,88
2024-04-10,MINUMAN TEH,78
2024-04-11,MINUMAN TEH,49
2024-04-12,MINUMAN TEH,100
2024-04-13,MINUMAN TEH,151
2024-04-14,MINUMAN TEH,102
2024-04-17,MINUMAN TEH,139
2024-04-18,MINUMAN TEH,149
2024-04-27,MINUMAN TEH,385
2024-04-28,MINUMAN TEH,611
2024-05-02,MINUMAN TEH,402
2024-05-03,MINUMAN TEH,440
2024-05-04,MINUMAN TEH,267
2024-05-05,MINUMAN TEH,246
2024-05-08,MINUMAN TEH,261
2024-05-09,MINUMAN TEH,323
2024-05-10,MINUMAN TEH,563
2024-05-11,MINUMAN TEH,378
2024-05-12,MINUMAN TEH,254
2024-05-15,MINUMAN TEH,265
2024-05-16,MINUMAN TEH,212
2024-05-17,MINUMAN TEH,159
2024-05-19,MINUMAN TEH,237
2024-05-22,MINUMAN TEH,268
2024-05-23,MINUMAN TEH,205
2024-05-24,MINUMAN TEH,306
2024-05-25,MINUMAN TEH,84
2024-05-26,MINUMAN TEH,218
2024-05-29,MINUMAN TEH,138
2024-05-30,MINUMAN TEH,307
2024-05-31,MINUMAN TEH,322
2024-06-02,MINUMAN TEH,336
2024-06-05,MINUMAN TEH,210
2024-06-06,MINUMAN TEH,366
2024-06-07,MINUMAN TEH,368
2024-06-08,MINUMAN TEH,179
2024-06-09,MINUMAN TEH,248
2024-06-12,MINUMAN TEH,164
2024-06-13,MINUMAN TEH,227
2024-06-14,MINUMAN TEH,128
2024-06-15,MINUMAN TEH,159
2024-06-16,MINUMAN TEH,152
2024-06-19,MINUMAN TEH,145
2024-06-20,MINUMAN TEH,204
2024-06-21,MINUMAN TEH,206
2024-06-22,MINUMAN TEH,172
2024-06-23,MINUMAN TEH,133
2024-06-26,MINUMAN TEH,190
2024-06-27,MINUMAN TEH,182
2024-06-28,MINUMAN TEH,334
2024-06-30,MINUMAN TEH,231
2024-07-03,MINUMAN TEH,327
2024-07-04,MINUMAN TEH,285
2024-07-05,MINUMAN TEH,271
2024-07-06,MINUMAN TEH,219
2024-07-07,MINUMAN TEH,134
2024-07-11,MINUMAN TEH,238
2024-07-12,MINUMAN TEH,284
2024-07-13,MINUMAN TEH,407
2024-07-14,MINUMAN TEH,461
2024-07-17,MINUMAN TEH,234
2024-07-18,MINUMAN TEH,169
2024-07-20,MINUMAN TEH,319
2024-07-21,MINUMAN TEH,439
2024-07-24,MINUMAN TEH,284
2024-07-25,MINUMAN TEH,303
2024-07-26,MINUMAN TEH,210
2024-07-27,MINUMAN TEH,512
2024-07-28,MINUMAN TEH,322
2024-07-31,MINUMAN TEH,380
2024-08-01,MINUMAN TEH,373
2024-08-02,MINUMAN TEH,335
2024-08-03,MINUMAN TEH,283
2024-08-04,MINUMAN TEH,376
2024-08-07,MINUMAN TEH,465
2024-08-08,MINUMAN TEH,520
2024-08-09,MINUMAN TEH,319
2024-08-10,MINUMAN TEH,275
2024-08-11,MINUMAN TEH,378
2024-08-14,MINUMAN TEH,421
2024-08-15,MINUMAN TEH,275
2024-08-16,MINUMAN TEH,152
2024-08-18,MINUMAN TEH,560
2024-08-21,MINUMAN TEH,448
2024-08-22,MINUMAN TEH,428
2024-08-23,MINUMAN TEH,282
2024-08-24,MINUMAN TEH,209
2024-08-25,MINUMAN TEH,358
2024-08-28,MINUMAN TEH,259
2024-08-29,MINUMAN TEH,226
2024-08-30,MINUMAN TEH,259
2024-08-31,MINUMAN TEH,272
2024-09-01,MINUMAN TEH,269
2024-09-04,MINUMAN TEH,235
2024-09-05,MINUMAN TEH,195
2024-09-06,MINUMAN TEH,251
2024-09-07,MINUMAN TEH,278
2024-09-08,MINUMAN TEH,152
2024-09-11,MINUMAN TEH,305
2024-09-12,MINUMAN TEH,345
2024-09-13,MINUMAN TEH,295
2024-09-14,MINUMAN TEH,271
2024-09-15,MINUMAN TEH,272
2024-09-18,MINUMAN TEH,243
2024-09-19,MINUMAN TEH,336
2024-09-20,MINUMAN TEH,251
2024-09-21,MINUMAN TEH,260
2024-09-22,MINUMAN TEH,314
2024-09-25,MINUMAN TEH,269
2024-09-26,MINUMAN TEH,225
2024-09-27,MINUMAN TEH,241
2024-09-29,MINUMAN TEH,394
2024-10-02,MINUMAN TEH,273
2024-10-03,MINUMAN TEH,353
2024-10-04,MINUMAN TEH,434
2024-10-05,MINUMAN TEH,292
2024-10-06,MINUMAN TEH,221
2024-10-09,MINUMAN TEH,316
2024-10-10,MINUMAN TEH,266
2024-10-11,MINUMAN TEH,259
2024-10-12,MINUMAN TEH,270
2024-10-13,MINUMAN TEH,333
2024-10-16,MINUMAN TEH,378
2024-10-17,MINUMAN TEH,240
2024-10-18,MINUMAN TEH,321
2024-10-19,MINUMAN TEH,330
2024-10-20,MINUMAN TEH,270
2024-10-23,MINUMAN TEH,256
2024-10-24,MINUMAN TEH,324
2024-10-25,MINUMAN TEH,286
2024-10-26,MINUMAN TEH,285
2024-10-27,MINUMAN TEH,304
2024-10-30,MINUMAN TEH,274
2024-10-31,MINUMAN TEH,352
2024-11-01,MINUMAN TEH,337
2024-11-02,MINUMAN TEH,270
2024-11-03,MINUMAN TEH,227
2024-11-06,MINUMAN TEH,220
2024-11-07,MINUMAN TEH,232
2024-11-08,MINUMAN TEH,236
2024-11-09,MINUMAN TEH,359
2024-11-10,MINUMAN TEH,332
2024-11-13,MINUMAN TEH,219
2024-11-14,MINUMAN TEH,284
2024-11-15,MINUMAN TEH,264
2024-11-16,MINUMAN TEH,308
2024-11-17,MINUMAN TEH,263
2024-11-20,MINUMAN TEH,276
2024-11-21,MINUMAN TEH,343
2024-11-22,MINUMAN TEH,319
2024-11-23,MINUMAN TEH,316
2024-11-24,MINUMAN TEH,169
2024-11-27,MINUMAN TEH,137
2024-11-28,MINUMAN TEH,180
2024-11-29,MINUMAN TEH,219
2024-11-30,MINUMAN TEH,193
2024-12-01,MINUMAN TEH,148
2024-12-04,MINUMAN TEH,127
2024-12-05,MINUMAN TEH,82
2024-12-06,MINUMAN TEH,108
2024-12-07,MINUMAN TEH,199
2024-12-08,MINUMAN TEH,294
2024-12-11,MINUMAN TEH,233
2024-12-12,MINUMAN TEH,253
2024-12-13,MINUMAN TEH,272
2024-12-14,MINUMAN TEH,321
2024-12-15,MINUMAN TEH,288
2024-12-18,MINUMAN TEH,520
2024-12-19,MINUMAN TEH,221
2024-12-20,MINUMAN TEH,320
2024-12-21,MINUMAN TEH,396
2024-12-22,MINUMAN TEH,336
2025-01-03,MINUMAN TEH,70
2025-01-04,MINUMAN TEH,123
2025-01-05,MINUMAN TEH,59
2025-01-06,MINUMAN TEH,100
2025-01-09,MINUMAN TEH,61
2025-01-10,MINUMAN TEH,171
2025-01-11,MINUMAN TEH,114
2025-01-12,MINUMAN TEH,96
2025-01-13,MINUMAN TEH,127
2025-01-16,MINUMAN TEH,264
2025-01-17,MINUMAN TEH,290
2025-01-18,MINUMAN TEH,125
2025-01-19,MINUMAN TEH,105
2025-01-20,MINUMAN TEH,155
2025-01-23,MINUMAN TEH,138
2025-01-24,MINUMAN TEH,107
2025-01-25,MINUMAN TEH,118
2025-01-26,MINUMAN TEH,92
2025-01-27,MINUMAN TEH,188
2025-01-30,MINUMAN TEH,159
2025-01-31,MINUMAN TEH,165
2025-02-01,MINUMAN TEH,152
2025-02-02,MINUMAN TEH,118
2025-02-03,MINUMAN TEH,84
2025-02-06,MINUMAN TEH,144
2025-02-07,MINUMAN TEH,265
2025-02-08,MINUMAN TEH,175
2025-02-09,MINUMAN TEH,139
2025-02-10,MINUMAN TEH,150
2025-02-13,MINUMAN TEH,140
2025-02-14,MINUMAN TEH,148
2025-02-15,MINUMAN TEH,90
2025-02-16,MINUMAN TEH,175
2025-02-17,MINUMAN TEH,162
2025-02-20,MINUMAN TEH,170
2025-02-21,MINUMAN TEH,105
2025-02-22,MINUMAN TEH,127
2025-02-23,MINUMAN TEH,108
2025-02-24,MINUMAN TEH,162
2025-02-27,MINUMAN TEH,160
2025-02-28,MINUMAN TEH,200
2025-03-01,MINUMAN TEH,304
2025-03-02,MINUMAN TEH,333
2025-03-03,MINUMAN TEH,420
2025-03-06,MINUMAN TEH,204
2025-03-07,MINUMAN TEH,241
2025-03-08,MINUMAN TEH,197
2025-03-09,MINUMAN TEH,217
2025-03-10,MINUMAN TEH,233
2025-03-13,MINUMAN TEH,265
2025-03-14,MINUMAN TEH,142
2025-04-04,MINUMAN TEH,8
2025-04-05,MINUMAN TEH,74
2025-04-06,MINUMAN TEH,61
2025-04-10,MINUMAN TEH,60
2025-04-11,MINUMAN TEH,32
2025-04-12,MINUMAN TEH,65
2025-04-13,MINUMAN TEH,81
2025-04-14,MINUMAN TEH,79
2025-04-17,MINUMAN TEH,98
2025-04-18,MINUMAN TEH,104
2025-04-27,MINUMAN TEH,276
2025-04-28,MINUMAN TEH,377
2025-05-02,MINUMAN TEH,342
2025-05-03,MINUMAN TEH,81
2025-05-04,MINUMAN TEH,169
2025-05-05,MINUMAN TEH,98
2025-05-08,MINUMAN TEH,188
2025-05-09,MINUMAN TEH,153
2025-05-10,MINUMAN TEH,412
2025-05-11,MINUMAN TEH,193
2025-05-12,MINUMAN TEH,168
2025-05-15,MINUMAN TEH,196
2025-05-16,MINUMAN TEH,96
2025-05-17,MINUMAN TEH,127
2025-05-19,MINUMAN TEH,188
2025-05-22,MINUMAN TEH,201
2025-05-23,MINUMAN TEH,88
2025-05-24,MINUMAN TEH,246
2025-05-25,MINUMAN TEH,67
2025-05-26,MINUMAN TEH,152
2025-05-29,MINUMAN TEH,109
2025-05-30,MINUMAN TEH,225
2025-05-31,MINUMAN TEH,271
2025-06-02,MINUMAN TEH,95
2025-06-05,MINUMAN TEH,161
2025-06-06,MINUMAN TEH,190
2025-06-07,MINUMAN TEH,287
2025-06-08,MINUMAN TEH,131
2025-06-09,MINUMAN TEH,139
2025-06-12,MINUMAN TEH,126
2025-06-13,MINUMAN TEH,168
2025-06-14,MINUMAN TEH,99
2025-06-15,MINUMAN TEH,120
2025-06-16,MINUMAN TEH,107
2025-06-19,MINUMAN TEH,116
2025-06-20,MINUMAN TEH,68
2025-06-21,MINUMAN TEH,162
2025-06-22,MINUMAN TEH,118
2025-06-23,MINUMAN TEH,84
2025-06-26,MINUMAN TEH,99
2025-06-27,MINUMAN TEH,109
2025-06-28,MINUMAN TEH,126
2025-06-30,MINUMAN TEH,111
2025-07-03,MINUMAN TEH,230
2025-07-04,MINUMAN TEH,190
2025-07-05,MINUMAN TEH,138
2025-07-06,MINUMAN TEH,162
2025-07-07,MINUMAN TEH,86
2025-07-11,MINUMAN TEH,191
2025-07-12,MINUMAN TEH,181
2025-07-13,MINUMAN TEH,316
2025-07-14,MINUMAN TEH,367
2025-07-17,MINUMAN TEH,139
2025-07-18,MINUMAN TEH,102
2025-07-20,MINUMAN TEH,235
2025-07-21,MINUMAN TEH,213
2025-07-24,MINUMAN TEH,141
2025-07-25,MINUMAN TEH,191
2025-07-26,MINUMAN TEH,133
2025-07-27,MINUMAN TEH,375
2025-07-28,MINUMAN TEH,265
2025-07-31,MINUMAN TEH,298
2025-08-01,MINUMAN TEH,296
2025-08-02,MINUMAN TEH,206
2025-08-03,MINUMAN TEH,124
2025-08-04,MINUMAN TEH,280
2025-08-07,MINUMAN TEH,322
2025-08-08,MINUMAN TEH,334
2025-08-09,MINUMAN TEH,207
2025-08-10,MINUMAN TEH,189
2025-08-11,MINUMAN TEH,250
2025-08-14,MINUMAN TEH,273
2025-08-15,MINUMAN TEH,132
2025-08-16,MINUMAN TEH,101
2025-08-18,MINUMAN TEH,286
2025-08-21,MINUMAN TEH,169
2025-08-22,MINUMAN TEH,242
2025-08-23,MINUMAN TEH,200
2025-08-24,MINUMAN TEH,86
2025-08-25,MINUMAN TEH,158
2025-08-28,MINUMAN TEH,139
2025-08-29,MINUMAN TEH,122
2025-08-30,MINUMAN TEH,175
2025-08-31,MINUMAN TEH,111
2025-09-01,MINUMAN TEH,136
2025-09-04,MINUMAN TEH,129
2025-09-05,MINUMAN TEH,128
2025-09-06,MINUMAN TEH,124
2025-09-07,MINUMAN TEH,167
2025-09-08,MINUMAN TEH,77
2025-09-11,MINUMAN TEH,198
2025-09-12,MINUMAN TEH,190
2025-09-13,MINUMAN TEH,220
2025-09-14,MINUMAN TEH,164
2025-09-15,MINUMAN TEH,176
2025-09-18,MINUMAN TEH,179
2025-09-19,MINUMAN TEH,165
2025-09-20,MINUMAN TEH,159
2025-09-21,MINUMAN TEH,137
2025-09-22,MINUMAN TEH,150
2025-09-25,MINUMAN TEH,169
2025-09-26,MINUMAN TEH,158
2025-09-27,MINUMAN TEH,152
2025-09-29,MINUMAN TEH,238
2025-10-02,MINUMAN TEH,130
2025-10-03,MINUMAN TEH,221
2025-10-04,MINUMAN TEH,214
2025-10-05,MINUMAN TEH,183
2025-10-06,MINUMAN TEH,155
2025-10-09,MINUMAN TEH,240
2025-10-10,MINUMAN TEH,199
2025-10-11,MINUMAN TEH,172
2025-10-12,MINUMAN TEH,153
2025-10-13,MINUMAN TEH,188
2025-10-16,MINUMAN TEH,255
2025-10-17,MINUMAN TEH,180
2025-10-18,MINUMAN TEH,187
2025-10-19,MINUMAN TEH,221
2025-10-20,MINUMAN TEH,196
2025-10-23,MINUMAN TEH,159
2025-10-24,MINUMAN TEH,218
2025-10-25,MINUMAN TEH,145
2025-10-26,MINUMAN TEH,211
2025-10-27,MINUMAN TEH,195
2025-10-30,MINUMAN TEH,224
2025-10-31,MINUMAN TEH,208
2025-11-01,MINUMAN TEH,229
2025-11-02,MINUMAN TEH,167
2025-11-03,MINUMAN TEH,130
2025-11-06,MINUMAN TEH,130
2025-11-07,MINUMAN TEH,105
2025-11-08,MINUMAN TEH,109
2025-11-09,MINUMAN TEH,242
2025-11-10,MINUMAN TEH,196
2025-11-13,MINUMAN TEH,151
2025-11-14,MINUMAN TEH,97
2025-11-15,MINUMAN TEH,153
2025-11-16,MINUMAN TEH,165
2025-11-17,MINUMAN TEH,158
2025-11-20,MINUMAN TEH,222
2025-11-21,MINUMAN TEH,203
2025-11-22,MINUMAN TEH,204
2025-11-23,MINUMAN TEH,168
2025-11-24,MINUMAN TEH,137
2025-11-27,MINUMAN TEH,70
2025-11-28,MINUMAN TEH,110
2025-11-29,MINUMAN TEH,132
2025-11-30,MINUMAN TEH,83
2025-12-01,MINUMAN TEH,109
2025-12-04,MINUMAN TEH,106
2025-12-05,MINUMAN TEH,55
2025-12-06,MINUMAN TEH,45
2025-12-07,MINUMAN TEH,166
2025-12-08,MINUMAN TEH,175
2025-12-11,MINUMAN TEH,130
2025-12-12,MINUMAN TEH,188
2025-12-13,MINUMAN TEH,196
2025-12-14,MINUMAN TEH,208
2025-12-15,MINUMAN TEH,155
2025-12-18,MINUMAN TEH,350
2025-12-19,MINUMAN TEH,158
2025-12-20,MINUMAN TEH,191
2025-12-21,MINUMAN TEH,222
2025-12-22,MINUMAN TEH,172
2024-01-03,ROKOK,134
2024-01-04,ROKOK,168
2024-01-05,ROKOK,120
2024-01-06,ROKOK,149
2024-01-09,ROKOK,99
2024-01-10,ROKOK,98
2024-01-11,ROKOK,143
2024-01-12,ROKOK,108
2024-01-13,ROKOK,174
2024-01-16,ROKOK,88
2024-01-17,ROKOK,86
2024-01-18,ROKOK,160
2024-01-19,ROKOK,132
2024-01-20,ROKOK,79
2024-01-23,ROKOK,59
2024-01-24,ROKOK,93
2024-01-25,ROKOK,158
2024-01-26,ROKOK,136
2024-01-27,ROKOK,213
2024-01-30,ROKOK,131
2024-01-31,ROKOK,198
2024-02-01,ROKOK,160
2024-02-02,ROKOK,147
2024-02-03,ROKOK,248
2024-02-06,ROKOK,117
2024-02-07,ROKOK,186
2024-02-08,ROKOK,122
2024-02-09,ROKOK,131
2024-02-10,ROKOK,95
2024-02-13,ROKOK,193
2024-02-14,ROKOK,140
2024-02-15,ROKOK,137
2024-02-16,ROKOK,174
2024-02-17,ROKOK,106
2024-02-20,ROKOK,180
2024-02-21,ROKOK,143
2024-02-22,ROKOK,142
2024-02-23,ROKOK,141
2024-02-24,ROKOK,184
2024-02-27,ROKOK,132
2024-02-28,ROKOK,96
2024-03-01,ROKOK,221
2024-03-02,ROKOK,190
2024-03-03,ROKOK,337
2024-03-06,ROKOK,114
2024-03-07,ROKOK,259
2024-03-08,ROKOK,336
2024-03-09,ROKOK,241
2024-03-10,ROKOK,232
2024-03-13,ROKOK,51
2024-03-14,ROKOK,58
2024-04-04,ROKOK,4
2024-04-05,ROKOK,52
2024-04-06,ROKOK,12
2024-04-10,ROKOK,11
2024-04-11,ROKOK,7
2024-04-12,ROKOK,14
2024-04-13,ROKOK,8
2024-04-14,ROKOK,20
2024-04-17,ROKOK,10
2024-04-18,ROKOK,22
2024-04-27,ROKOK,74
2024-04-28,ROKOK,196
2024-05-02,ROKOK,43
2024-05-03,ROKOK,53
2024-05-04,ROKOK,49
2024-05-05,ROKOK,50
2024-05-08,ROKOK,23
2024-05-09,ROKOK,37
2024-05-10,ROKOK,41
2024-05-11,ROKOK,54
2024-05-12,ROKOK,128
2024-05-15,ROKOK,71
2024-05-16,ROKOK,50
2024-05-17,ROKOK,66
2024-05-19,ROKOK,100
2024-05-22,ROKOK,94
2024-05-23,ROKOK,160
2024-05-24,ROKOK,91
2024-05-25,ROKOK,180
2024-05-26,ROKOK,177
2024-05-29,ROKOK,79
2024-05-30,ROKOK,109
2024-05-31,ROKOK,91
2024-06-02,ROKOK,103
2024-06-05,ROKOK,90
2024-06-06,ROKOK,84
2024-06-07,ROKOK,79
2024-06-08,ROKOK,111
2024-06-09,ROKOK,104
2024-06-12,ROKOK,74
2024-06-13,ROKOK,61
2024-06-14,ROKOK,84
2024-06-15,ROKOK,98
2024-06-16,ROKOK,131
2024-06-19,ROKOK,87
2024-06-20,ROKOK,96
2024-06-21,ROKOK,117
2024-06-22,ROKOK,73
2024-06-23,ROKOK,79
2024-06-26,ROKOK,75
2024-06-27,ROKOK,103
2024-06-28,ROKOK,86
2024-06-30,ROKOK,62
2024-07-03,ROKOK,60
2024-07-04,ROKOK,46
2024-07-05,ROKOK,69
2024-07-06,ROKOK,51
2024-07-07,ROKOK,16
2024-07-11,ROKOK,91
2024-07-12,ROKOK,49
2024-07-13,ROKOK,78
2024-07-14,ROKOK,99
2024-07-17,ROKOK,116
2024-07-18,ROKOK,146
2024-07-20,ROKOK,149
2024-07-21,ROKOK,149
2024-07-24,ROKOK,158
2024-07-25,ROKOK,139
2024-07-26,ROKOK,103
2024-07-27,ROKOK,159
2024-07-28,ROKOK,112
2024-07-31,ROKOK,104
2024-08-01,ROKOK,123
2024-08-02,ROKOK,106
2024-08-03,ROKOK,134
2024-08-04,ROKOK,178
2024-08-07,ROKOK,98
2024-08-08,ROKOK,118
2024-08-09,ROKOK,65
2024-08-10,ROKOK,115
2024-08-11,ROKOK,145
2024-08-14,ROKOK,123
2024-08-15,ROKOK,86
2024-08-16,ROKOK,142
2024-08-18,ROKOK,138
2024-08-21,ROKOK,123
2024-08-22,ROKOK,119
2024-08-23,ROKOK,81
2024-08-24,ROKOK,90
2024-08-25,ROKOK,103
2024-08-28,ROKOK,135
2024-08-29,ROKOK,78
2024-08-30,ROKOK,122
2024-08-31,ROKOK,107
2024-09-01,ROKOK,93
2024-09-04,ROKOK,79
2024-09-05,ROKOK,81
2024-09-06,ROKOK,84
2024-09-07,ROKOK,140
2024-09-08,ROKOK,139
2024-09-11,ROKOK,155
2024-09-12,ROKOK,166
2024-09-13,ROKOK,142
2024-09-14,ROKOK,134
2024-09-15,ROKOK,128
2024-09-18,ROKOK,125
2024-09-19,ROKOK,179
2024-09-20,ROKOK,118
2024-09-21,ROKOK,122
2024-09-22,ROKOK,146
2024-09-25,ROKOK,126
2024-09-26,ROKOK,103
2024-09-27,ROKOK,112
2024-09-29,ROKOK,138
2024-10-02,ROKOK,78
2024-10-03,ROKOK,144
2024-10-04,ROKOK,117
2024-10-05,ROKOK,100
2024-10-06,ROKOK,128
2024-10-09,ROKOK,149
2024-10-10,ROKOK,193
2024-10-11,ROKOK,189
2024-10-12,ROKOK,153
2024-10-13,ROKOK,188
2024-10-16,ROKOK,180
2024-10-17,ROKOK,181
2024-10-18,ROKOK,150
2024-10-19,ROKOK,151
2024-10-20,ROKOK,139
2024-10-23,ROKOK,100
2024-10-24,ROKOK,118
2024-10-25,ROKOK,117
2024-10-26,ROKOK,91
2024-10-27,ROKOK,94
2024-10-30,ROKOK,91
2024-10-31,ROKOK,80
2024-11-01,ROKOK,97
2024-11-02,ROKOK,163
2024-11-03,ROKOK,129
2024-11-06,ROKOK,152
2024-11-07,ROKOK,119
2024-11-08,ROKOK,202
2024-11-09,ROKOK,137
2024-11-10,ROKOK,172
2024-11-13,ROKOK,168
2024-11-14,ROKOK,134
2024-11-15,ROKOK,160
2024-11-16,ROKOK,147
2024-11-17,ROKOK,158
2024-11-20,ROKOK,139
2024-11-21,ROKOK,101
2024-11-22,ROKOK,149
2024-11-23,ROKOK,113
2024-11-24,ROKOK,126
2024-11-27,ROKOK,92
2024-11-28,ROKOK,81
2024-11-29,ROKOK,110
2024-11-30,ROKOK,184
2024-12-01,ROKOK,152
2024-12-04,ROKOK,138
2024-12-05,ROKOK,173
2024-12-06,ROKOK,208
2024-12-07,ROKOK,192
2024-12-08,ROKOK,206
2024-12-11,ROKOK,188
2024-12-12,ROKOK,197
2024-12-13,ROKOK,171
2024-12-14,ROKOK,197
2024-12-15,ROKOK,185
2024-12-18,ROKOK,322
2024-12-19,ROKOK,127
2024-12-20,ROKOK,176
2024-12-21,ROKOK,195
2024-12-22,ROKOK,107
2025-01-03,ROKOK,77
2025-01-04,ROKOK,121
2025-01-05,ROKOK,65
2025-01-06,ROKOK,95
2025-01-09,ROKOK,66
2025-01-10,ROKOK,54
2025-01-11,ROKOK,79
2025-01-12,ROKOK,56
2025-01-13,ROKOK,100
2025-01-16,ROKOK,64
2025-01-17,ROKOK,54
2025-01-18,ROKOK,98
2025-01-19,ROKOK,56
2025-01-20,ROKOK,35
2025-01-23,ROKOK,42
2025-01-24,ROKOK,52
2025-01-25,ROKOK,96
2025-01-26,ROKOK,86
2025-01-27,ROKOK,124
2025-01-30,ROKOK,61
2025-01-31,ROKOK,129
2025-02-01,ROKOK,120
2025-02-02,ROKOK,70
2025-02-03,ROKOK,151
2025-02-06,ROKOK,60
2025-02-07,ROKOK,88
2025-02-08,ROKOK,72
2025-02-09,ROKOK,83
2025-02-10,ROKOK,61
2025-02-13,ROKOK,132
2025-02-14,ROKOK,75
2025-02-15,ROKOK,91
2025-02-16,ROKOK,98
2025-02-17,ROKOK,79
2025-02-20,ROKOK,125
2025-02-21,ROKOK,98
2025-02-22,ROKOK,91
2025-02-23,ROKOK,107
2025-02-24,ROKOK,131
2025-02-27,ROKOK,80
2025-02-28,ROKOK,58
2025-03-01,ROKOK,102
2025-03-02,ROKOK,103
2025-03-03,ROKOK,202
2025-03-06,ROKOK,64
2025-03-07,ROKOK,175
2025-03-08,ROKOK,200
2025-03-09,ROKOK,151
2025-03-10,ROKOK,106
2025-03-13,ROKOK,27
2025-03-14,ROKOK,33
2025-04-04,ROKOK,4
2025-04-05,ROKOK,36
2025-04-06,ROKOK,11
2025-04-10,ROKOK,5
2025-04-11,ROKOK,3
2025-04-12,ROKOK,5
2025-04-13,ROKOK,6
2025-04-14,ROKOK,17
2025-04-17,ROKOK,6
2025-04-18,ROKOK,14
2025-04-27,ROKOK,50
2025-04-28,ROKOK,118
2025-05-02,ROKOK,29
2025-05-03,ROKOK,31
2025-05-04,ROKOK,28
2025-05-05,ROKOK,29
2025-05-08,ROKOK,15
2025-05-09,ROKOK,22
2025-05-10,ROKOK,29
2025-05-11,ROKOK,26
2025-05-12,ROKOK,82
2025-05-15,ROKOK,41
2025-05-16,ROKOK,26
2025-05-17,ROKOK,45
2025-05-19,ROKOK,54
2025-05-22,ROKOK,58
2025-05-23,ROKOK,108
2025-05-24,ROKOK,73
2025-05-25,ROKOK,110
2025-05-26,ROKOK,133
2025-05-29,ROKOK,27
2025-05-30,ROKOK,43
2025-05-31,ROKOK,48
2025-06-02,ROKOK,64
2025-06-05,ROKOK,20
2025-06-06,ROKOK,28
2025-06-07,ROKOK,59
2025-06-08,ROKOK,51
2025-06-09,ROKOK,74
2025-06-12,ROKOK,39
2025-06-13,ROKOK,42
2025-06-14,ROKOK,59
2025-06-15,ROKOK,47
2025-06-16,ROKOK,75
2025-06-19,ROKOK,40
2025-06-20,ROKOK,50
2025-06-21,ROKOK,74
2025-06-22,ROKOK,38
2025-06-23,ROKOK,59
2025-06-26,ROKOK,43
2025-06-27,ROKOK,43
2025-06-28,ROKOK,45
2025-06-30,ROKOK,50
2025-07-03,ROKOK,34
2025-07-04,ROKOK,31
2025-07-05,ROKOK,30
2025-07-06,ROKOK,24
2025-07-07,ROKOK,7
2025-07-11,ROKOK,46
2025-07-12,ROKOK,35
2025-07-13,ROKOK,42
2025-07-14,ROKOK,55
2025-07-17,ROKOK,55
2025-07-18,ROKOK,105
2025-07-20,ROKOK,92
2025-07-21,ROKOK,102
2025-07-24,ROKOK,97
2025-07-25,ROKOK,74
2025-07-26,ROKOK,59
2025-07-27,ROKOK,87
2025-07-28,ROKOK,54
2025-07-31,ROKOK,48
2025-08-01,ROKOK,67
2025-08-02,ROKOK,58
2025-08-03,ROKOK,84
2025-08-04,ROKOK,104
2025-08-07,ROKOK,55
2025-08-08,ROKOK,76
2025-08-09,ROKOK,44
2025-08-10,ROKOK,63
2025-08-11,ROKOK,95
2025-08-14,ROKOK,68
2025-08-15,ROKOK,39
2025-08-16,ROKOK,77
2025-08-18,ROKOK,88
2025-08-21,ROKOK,69
2025-08-22,ROKOK,55
2025-08-23,ROKOK,58
2025-08-24,ROKOK,49
2025-08-25,ROKOK,55
2025-08-28,ROKOK,77
2025-08-29,ROKOK,49
2025-08-30,ROKOK,70
2025-08-31,ROKOK,74
2025-09-01,ROKOK,50
2025-09-04,ROKOK,47
2025-09-05,ROKOK,38
2025-09-06,ROKOK,59
2025-09-07,ROKOK,79
2025-09-08,ROKOK,89
2025-09-11,ROKOK,103
2025-09-12,ROKOK,96
2025-09-13,ROKOK,83
2025-09-14,ROKOK,79
2025-09-15,ROKOK,79
2025-09-18,ROKOK,80
2025-09-19,ROKOK,92
2025-09-20,ROKOK,65
2025-09-21,ROKOK,83
2025-09-22,ROKOK,86
2025-09-25,ROKOK,73
2025-09-26,ROKOK,52
2025-09-27,ROKOK,75
2025-09-29,ROKOK,72
2025-10-02,ROKOK,44
2025-10-03,ROKOK,75
2025-10-04,ROKOK,67
2025-10-05,ROKOK,41
2025-10-06,ROKOK,82
2025-10-09,ROKOK,103
2025-10-10,ROKOK,101
2025-10-11,ROKOK,119
2025-10-12,ROKOK,99
2025-10-13,ROKOK,135
2025-10-16,ROKOK,117
2025-10-17,ROKOK,105
2025-10-18,ROKOK,80
2025-10-19,ROKOK,85
2025-10-20,ROKOK,73
2025-10-23,ROKOK,69
2025-10-24,ROKOK,74
2025-10-25,ROKOK,62
2025-10-26,ROKOK,57
2025-10-27,ROKOK,62
2025-10-30,ROKOK,63
2025-10-31,ROKOK,43
2025-11-01,ROKOK,72
2025-11-02,ROKOK,85
2025-11-03,ROKOK,83
2025-11-06,ROKOK,87
2025-11-07,ROKOK,75
2025-11-08,ROKOK,131
2025-11-09,ROKOK,75
2025-11-10,ROKOK,105
2025-11-13,ROKOK,117
2025-11-14,ROKOK,64
2025-11-15,ROKOK,94
2025-11-16,ROKOK,68
2025-11-17,ROKOK,113
2025-11-20,ROKOK,90
2025-11-21,ROKOK,65
2025-11-22,ROKOK,88
2025-11-23,ROKOK,65
2025-11-24,ROKOK,75
2025-11-27,ROKOK,56
2025-11-28,ROKOK,42
2025-11-29,ROKOK,56
2025-11-30,ROKOK,95
2025-12-01,ROKOK,86
2025-12-04,ROKOK,79
2025-12-05,ROKOK,100
2025-12-06,ROKOK,132
2025-12-07,ROKOK,95
2025-12-08,ROKOK,128
2025-12-11,ROKOK,94
2025-12-12,ROKOK,91
2025-12-13,ROKOK,114
2025-12-14,ROKOK,107
2025-12-15,ROKOK,116
2025-12-18,ROKOK,176
2025-12-19,ROKOK,83
2025-12-20,ROKOK,102
2025-12-21,ROKOK,94
2025-12-22,ROKOK,69
2024-01-03,SUSU,20
2024-01-04,SUSU,26
2024-01-05,SUSU,18
2024-01-06,SUSU,14
2024-01-09,SUSU,2
2024-01-10,SUSU,12
2024-01-11,SUSU,17
2024-01-12,SUSU,21
2024-01-13,SUSU,10
2024-01-16,SUSU,11
2024-01-17,SUSU,8
2024-01-18,SUSU,5
2024-01-19,SUSU,6
2024-01-20,SUSU,4
2024-01-23,SUSU,3
2024-01-24,SUSU,9
2024-01-25,SUSU,31
2024-01-26,SUSU,38
2024-01-27,SUSU,28
2024-01-30,SUSU,28
2024-01-31,SUSU,33
2024-02-01,SUSU,25
2024-02-02,SUSU,63
2024-02-03,SUSU,34
2024-02-06,SUSU,49
2024-02-07,SUSU,22
2024-02-08,SUSU,29
2024-02-09,SUSU,38
2024-02-10,SUSU,13
2024-02-13,SUSU,18
2024-02-14,SUSU,19
2024-02-15,SUSU,11
2024-02-16,SUSU,7
2024-02-17,SUSU,8
2024-02-20,SUSU,31
2024-02-21,SUSU,52
2024-02-22,SUSU,49
2024-02-23,SUSU,32
2024-02-24,SUSU,20
2024-02-27,SUSU,18
2024-02-28,SUSU,19
2024-03-01,SUSU,53
2024-03-02,SUSU,83
2024-03-03,SUSU,85
2024-03-06,SUSU,45
2024-03-07,SUSU,80
2024-03-08,SUSU,83
2024-03-09,SUSU,83
2024-03-10,SUSU,48
2024-03-13,SUSU,22
2024-03-14,SUSU,18
2024-04-04,SUSU,0
2024-04-05,SUSU,17
2024-04-06,SUSU,9
2024-04-10,SUSU,7
2024-04-11,SUSU,0
2024-04-12,SUSU,5
2024-04-13,SUSU,11
2024-04-14,SUSU,9
2024-04-17,SUSU,7
2024-04-18,SUSU,19
2024-04-27,SUSU,54
2024-04-28,SUSU,73
2024-05-02,SUSU,5
2024-05-03,SUSU,37
2024-05-04,SUSU,30
2024-05-05,SUSU,14
2024-05-08,SUSU,33
2024-05-09,SUSU,6
2024-05-10,SUSU,9
2024-05-11,SUSU,13
2024-05-12,SUSU,34
2024-05-15,SUSU,8
2024-05-16,SUSU,8
2024-05-17,SUSU,6
2024-05-19,SUSU,1
2024-05-22,SUSU,8
2024-05-23,SUSU,3
2024-05-24,SUSU,6
2024-05-25,SUSU,57
2024-05-26,SUSU,7
2024-05-29,SUSU,32
2024-05-30,SUSU,39
2024-05-31,SUSU,48
2024-06-02,SUSU,74
2024-06-05,SUSU,25
2024-06-06,SUSU,42
2024-06-07,SUSU,58
2024-06-08,SUSU,47
2024-06-09,SUSU,50
2024-06-12,SUSU,26
2024-06-13,SUSU,41
2024-06-14,SUSU,21
2024-06-15,SUSU,37
2024-06-16,SUSU,66
2024-06-19,SUSU,20
2024-06-20,SUSU,18
2024-06-21,SUSU,27
2024-06-22,SUSU,10
2024-06-23,SUSU,4
2024-06-26,SUSU,3
2024-06-27,SUSU,2
2024-06-28,SUSU,25
2024-06-30,SUSU,26
2024-07-03,SUSU,78
2024-07-04,SUSU,41
2024-07-05,SUSU,39
2024-07-06,SUSU,54
2024-07-07,SUSU,46
2024-07-11,SUSU,37
2024-07-12,SUSU,39
2024-07-13,SUSU,74
2024-07-14,SUSU,89
2024-07-17,SUSU,38
2024-07-18,SUSU,47
2024-07-20,SUSU,95
2024-07-21,SUSU,60
2024-07-24,SUSU,55
2024-07-25,SUSU,44
2024-07-26,SUSU,40
2024-07-27,SUSU,43
2024-07-28,SUSU,37
2024-07-31,SUSU,27
2024-08-01,SUSU,28
2024-08-02,SUSU,11
2024-08-03,SUSU,31
2024-08-04,SUSU,93
2024-08-07,SUSU,77
2024-08-08,SUSU,76
2024-08-09,SUSU,51
2024-08-10,SUSU,70
2024-08-11,SUSU,70
2024-08-14,SUSU,39
2024-08-15,SUSU,54
2024-08-16,SUSU,30
2024-08-18,SUSU,35
2024-08-21,SUSU,37
2024-08-22,SUSU,23
2024-08-23,SUSU,50
2024-08-24,SUSU,27
2024-08-25,SUSU,18
2024-08-28,SUSU,14
2024-08-29,SUSU,12
2024-08-30,SUSU,15
2024-08-31,SUSU,18
2024-09-01,SUSU,10
2024-09-04,SUSU,6
2024-09-05,SUSU,8
2024-09-06,SUSU,17
2024-09-07,SUSU,31
2024-09-08,SUSU,59
2024-09-11,SUSU,33
2024-09-12,SUSU,107
2024-09-13,SUSU,83
2024-09-14,SUSU,43
2024-09-15,SUSU,56
2024-09-18,SUSU,57
2024-09-19,SUSU,76
2024-09-20,SUSU,75
2024-09-21,SUSU,80
2024-09-22,SUSU,97
2024-09-25,SUSU,64
2024-09-26,SUSU,95
2024-09-27,SUSU,107
2024-09-29,SUSU,57
2024-10-02,SUSU,35
2024-10-03,SUSU,52
2024-10-04,SUSU,36
2024-10-05,SUSU,54
2024-10-06,SUSU,40
2024-10-09,SUSU,48
2024-10-10,SUSU,60
2024-10-11,SUSU,74
2024-10-12,SUSU,75
2024-10-13,SUSU,83
2024-10-16,SUSU,66
2024-10-17,SUSU,76
2024-10-18,SUSU,68
2024-10-19,SUSU,57
2024-10-20,SUSU,94
2024-10-23,SUSU,66
2024-10-24,SUSU,66
2024-10-25,SUSU,69
2024-10-26,SUSU,69
2024-10-27,SUSU,34
2024-10-30,SUSU,25
2024-10-31,SUSU,83
2024-11-01,SUSU,54
2024-11-02,SUSU,75
2024-11-03,SUSU,55
2024-11-06,SUSU,60
2024-11-07,SUSU,58
2024-11-08,SUSU,68
2024-11-09,SUSU,48
2024-11-10,SUSU,83
2024-11-13,SUSU,53
2024-11-14,SUSU,67
2024-11-15,SUSU,80
2024-11-16,SUSU,53
2024-11-17,SUSU,51
2024-11-20,SUSU,42
2024-11-21,SUSU,43
2024-11-22,SUSU,39
2024-11-23,SUSU,23
2024-11-24,SUSU,20
2024-11-27,SUSU,15
2024-11-28,SUSU,15
2024-11-29,SUSU,15
2024-11-30,SUSU,50
2024-12-01,SUSU,51
2024-12-04,SUSU,30
2024-12-05,SUSU,83
2024-12-06,SUSU,61
2024-12-07,SUSU,111
2024-12-08,SUSU,99
2024-12-11,SUSU,71
2024-12-12,SUSU,85
2024-12-13,SUSU,122
2024-12-14,SUSU,98
2024-12-15,SUSU,106
2024-12-18,SUSU,126
2024-12-19,SUSU,78
2024-12-20,SUSU,109
2024-12-21,SUSU,84
2024-12-22,SUSU,46
2025-01-03,SUSU,15
2025-01-04,SUSU,5
2025-01-05,SUSU,5
2025-01-06,SUSU,6
2025-01-09,SUSU,1
2025-01-10,SUSU,6
2025-01-11,SUSU,8
2025-01-12,SUSU,13
2025-01-13,SUSU,5
2025-01-16,SUSU,6
2025-01-17,SUSU,2
2025-01-18,SUSU,4
2025-01-19,SUSU,5
2025-01-20,SUSU,3
2025-01-23,SUSU,3
2025-01-24,SUSU,4
2025-01-25,SUSU,19
2025-01-26,SUSU,29
2025-01-27,SUSU,12
2025-01-30,SUSU,20
2025-01-31,SUSU,27
2025-02-01,SUSU,19
2025-02-02,SUSU,51
2025-02-03,SUSU,19
2025-02-06,SUSU,28
2025-02-07,SUSU,14
2025-02-08,SUSU,17
2025-02-09,SUSU,25
2025-02-10,SUSU,7
2025-02-13,SUSU,3
2025-02-14,SUSU,15
2025-02-15,SUSU,8
2025-02-16,SUSU,4
2025-02-17,SUSU,6
2025-02-20,SUSU,1
2025-02-21,SUSU,46
2025-02-22,SUSU,35
2025-02-23,SUSU,7
2025-02-24,SUSU,15
2025-02-27,SUSU,15
2025-02-28,SUSU,10
2025-03-01,SUSU,22
2025-03-02,SUSU,34
2025-03-03,SUSU,34
2025-03-06,SUSU,20
2025-03-07,SUSU,58
2025-03-08,SUSU,30
2025-03-09,SUSU,47
2025-03-10,SUSU,28
2025-03-13,SUSU,18
2025-03-14,SUSU,12
2025-04-04,SUSU,0
2025-04-05,SUSU,13
2025-04-06,SUSU,6
2025-04-10,SUSU,5
2025-04-11,SUSU,0
2025-04-12,SUSU,2
2025-04-13,SUSU,8
2025-04-14,SUSU,5
2025-04-17,SUSU,3
2025-04-18,SUSU,10
2025-04-27,SUSU,33
2025-04-28,SUSU,42
2025-05-02,SUSU,1
2025-05-03,SUSU,15
2025-05-04,SUSU,22
2025-05-05,SUSU,8
2025-05-08,SUSU,23
2025-05-09,SUSU,3
2025-05-10,SUSU,5
2025-05-11,SUSU,7
2025-05-12,SUSU,26
2025-05-15,SUSU,5
2025-05-16,SUSU,5
2025-05-17,SUSU,4
2025-05-19,SUSU,1
2025-05-22,SUSU,3
2025-05-23,SUSU,2
2025-05-24,SUSU,5
2025-05-25,SUSU,2
2025-05-26,SUSU,4
2025-05-29,SUSU,23
2025-05-30,SUSU,31
2025-05-31,SUSU,34
2025-06-02,SUSU,39
2025-06-05,SUSU,14
2025-06-06,SUSU,16
2025-06-07,SUSU,27
2025-06-08,SUSU,39
2025-06-09,SUSU,13
2025-06-12,SUSU,2
2025-06-13,SUSU,31
2025-06-14,SUSU,17
2025-06-15,SUSU,24
2025-06-16,SUSU,48
2025-06-19,SUSU,15
2025-06-20,SUSU,14
2025-06-21,SUSU,21
2025-06-22,SUSU,1
2025-06-23,SUSU,1
2025-06-26,SUSU,2
2025-06-27,SUSU,2
2025-06-28,SUSU,16
2025-06-30,SUSU,19
2025-07-03,SUSU,66
2025-07-04,SUSU,30
2025-07-05,SUSU,28
2025-07-06,SUSU,40
2025-07-07,SUSU,37
2025-07-11,SUSU,22
2025-07-12,SUSU,15
2025-07-13,SUSU,32
2025-07-14,SUSU,54
2025-07-17,SUSU,11
2025-07-18,SUSU,16
2025-07-20,SUSU,50
2025-07-21,SUSU,47
2025-07-24,SUSU,29
2025-07-25,SUSU,25
2025-07-26,SUSU,22
2025-07-27,SUSU,23
2025-07-28,SUSU,23
2025-07-31,SUSU,6
2025-08-01,SUSU,8
2025-08-02,SUSU,9
2025-08-03,SUSU,17
2025-08-04,SUSU,75
2025-08-07,SUSU,61
2025-08-08,SUSU,30
2025-08-09,SUSU,38
2025-08-10,SUSU,52
2025-08-11,SUSU,29
2025-08-14,SUSU,30
2025-08-15,SUSU,42
2025-08-16,SUSU,22
2025-08-18,SUSU,23
2025-08-21,SUSU,21
2025-08-22,SUSU,2
2025-08-23,SUSU,16
2025-08-24,SUSU,15
2025-08-25,SUSU,9
2025-08-28,SUSU,5
2025-08-29,SUSU,3
2025-08-30,SUSU,7
2025-08-31,SUSU,14
2025-09-01,SUSU,7
2025-09-04,SUSU,6
2025-09-05,SUSU,6
2025-09-06,SUSU,15
2025-09-07,SUSU,21
2025-09-08,SUSU,20
2025-09-11,SUSU,20
2025-09-12,SUSU,95
2025-09-13,SUSU,51
2025-09-14,SUSU,31
2025-09-15,SUSU,42
2025-09-18,SUSU,43
2025-09-19,SUSU,56
2025-09-20,SUSU,46
2025-09-21,SUSU,44
2025-09-22,SUSU,66
2025-09-25,SUSU,47
2025-09-26,SUSU,43
2025-09-27,SUSU,91
2025-09-29,SUSU,35
2025-10-02,SUSU,16
2025-10-03,SUSU,32
2025-10-04,SUSU,16
2025-10-05,SUSU,18
2025-10-06,SUSU,14
2025-10-09,SUSU,34
2025-10-10,SUSU,22
2025-10-11,SUSU,53
2025-10-12,SUSU,36
2025-10-13,SUSU,42
2025-10-16,SUSU,44
2025-10-17,SUSU,43
2025-10-18,SUSU,48
2025-10-19,SUSU,41
2025-10-20,SUSU,32
2025-10-23,SUSU,37
2025-10-24,SUSU,32
2025-10-25,SUSU,34
2025-10-26,SUSU,21
2025-10-27,SUSU,22
2025-10-30,SUSU,18
2025-10-31,SUSU,20
2025-11-01,SUSU,36
2025-11-02,SUSU,40
2025-11-03,SUSU,30
2025-11-06,SUSU,38
2025-11-07,SUSU,48
2025-11-08,SUSU,32
2025-11-09,SUSU,36
2025-11-10,SUSU,55
2025-11-13,SUSU,41
2025-11-14,SUSU,48
2025-11-15,SUSU,25
2025-11-16,SUSU,21
2025-11-17,SUSU,40
2025-11-20,SUSU,19
2025-11-21,SUSU,34
2025-11-22,SUSU,16
2025-11-23,SUSU,16
2025-11-24,SUSU,14
2025-11-27,SUSU,5
2025-11-28,SUSU,11
2025-11-29,SUSU,9
2025-11-30,SUSU,35
2025-12-01,SUSU,37
2025-12-04,SUSU,13
2025-12-05,SUSU,51
2025-12-06,SUSU,32
2025-12-07,SUSU,76
2025-12-08,SUSU,42
2025-12-11,SUSU,47
2025-12-12,SUSU,66
2025-12-13,SUSU,40
2025-12-14,SUSU,53
2025-12-15,SUSU,62
2025-12-18,SUSU,79
2025-12-19,SUSU,51
2025-12-20,SUSU,83
2025-12-21,SUSU,62
2025-12-22,SUSU,21
